doc_id,text
d001,BM25 ranking function uses term frequency and document length normalization. Example 1 discusses bm25 in the context of ranked retrieval homework.
d002,"Evaluation metrics like precision, recall, MAP, and nDCG measure ranking quality. Example 2 discusses evaluation in the context of ranked retrieval homework."
d003,Tokenization lowercases text and splits into terms; stemming can help match variants. Example 3 discusses tokenization in the context of ranked retrieval homework.
d004,Information retrieval systems index documents and retrieve ranked results for queries. Example 4 discusses ir in the context of ranked retrieval homework.
d005,"Python notebooks can load CSV files, compute scores, and export outputs. Example 5 discusses python in the context of ranked retrieval homework."
d006,"Relevance judgments are stored in qrels with labels 0, 1, and 2. Example 6 discusses qrels in the context of ranked retrieval homework."
d007,Precision recall curves show the tradeoff between early precision and full recall. Example 7 discusses prcurve in the context of ranked retrieval homework.
d008,"Stopword removal sometimes helps, but can also remove useful terms. Example 8 discusses stopwords in the context of ranked retrieval homework."
d009,Long documents can be penalized or normalized depending on the BM25 b parameter. Example 9 discusses length in the context of ranked retrieval homework.
d010,BM25 k1 controls term saturation and sensitivity to term frequency. Example 10 discusses k1 in the context of ranked retrieval homework.
d011,BM25 ranking function uses term frequency and document length normalization. Example 11 discusses bm25 in the context of ranked retrieval homework.
d012,"Evaluation metrics like precision, recall, MAP, and nDCG measure ranking quality. Example 12 discusses evaluation in the context of ranked retrieval homework."
d013,Tokenization lowercases text and splits into terms; stemming can help match variants. Example 13 discusses tokenization in the context of ranked retrieval homework.
d014,Information retrieval systems index documents and retrieve ranked results for queries. Example 14 discusses ir in the context of ranked retrieval homework.
d015,"Python notebooks can load CSV files, compute scores, and export outputs. Example 15 discusses python in the context of ranked retrieval homework."
d016,"Relevance judgments are stored in qrels with labels 0, 1, and 2. Example 16 discusses qrels in the context of ranked retrieval homework."
d017,Precision recall curves show the tradeoff between early precision and full recall. Example 17 discusses prcurve in the context of ranked retrieval homework.
d018,"Stopword removal sometimes helps, but can also remove useful terms. Example 18 discusses stopwords in the context of ranked retrieval homework."
d019,Long documents can be penalized or normalized depending on the BM25 b parameter. Example 19 discusses length in the context of ranked retrieval homework.
d020,BM25 k1 controls term saturation and sensitivity to term frequency. Example 20 discusses k1 in the context of ranked retrieval homework.
d021,BM25 ranking function uses term frequency and document length normalization. Example 21 discusses bm25 in the context of ranked retrieval homework.
d022,"Evaluation metrics like precision, recall, MAP, and nDCG measure ranking quality. Example 22 discusses evaluation in the context of ranked retrieval homework."
d023,Tokenization lowercases text and splits into terms; stemming can help match variants. Example 23 discusses tokenization in the context of ranked retrieval homework.
d024,Information retrieval systems index documents and retrieve ranked results for queries. Example 24 discusses ir in the context of ranked retrieval homework.
d025,"Python notebooks can load CSV files, compute scores, and export outputs. Example 25 discusses python in the context of ranked retrieval homework."
d026,"Relevance judgments are stored in qrels with labels 0, 1, and 2. Example 26 discusses qrels in the context of ranked retrieval homework."
d027,Precision recall curves show the tradeoff between early precision and full recall. Example 27 discusses prcurve in the context of ranked retrieval homework.
d028,"Stopword removal sometimes helps, but can also remove useful terms. Example 28 discusses stopwords in the context of ranked retrieval homework."
d029,Long documents can be penalized or normalized depending on the BM25 b parameter. Example 29 discusses length in the context of ranked retrieval homework.
d030,BM25 k1 controls term saturation and sensitivity to term frequency. Example 30 discusses k1 in the context of ranked retrieval homework.
d031,BM25 ranking function uses term frequency and document length normalization. Example 31 discusses bm25 in the context of ranked retrieval homework.
d032,"Evaluation metrics like precision, recall, MAP, and nDCG measure ranking quality. Example 32 discusses evaluation in the context of ranked retrieval homework."
d033,Tokenization lowercases text and splits into terms; stemming can help match variants. Example 33 discusses tokenization in the context of ranked retrieval homework.
d034,Information retrieval systems index documents and retrieve ranked results for queries. Example 34 discusses ir in the context of ranked retrieval homework.
d035,"Python notebooks can load CSV files, compute scores, and export outputs. Example 35 discusses python in the context of ranked retrieval homework."
d036,"Relevance judgments are stored in qrels with labels 0, 1, and 2. Example 36 discusses qrels in the context of ranked retrieval homework."
d037,Precision recall curves show the tradeoff between early precision and full recall. Example 37 discusses prcurve in the context of ranked retrieval homework.
d038,"Stopword removal sometimes helps, but can also remove useful terms. Example 38 discusses stopwords in the context of ranked retrieval homework."
d039,Long documents can be penalized or normalized depending on the BM25 b parameter. Example 39 discusses length in the context of ranked retrieval homework.
d040,BM25 k1 controls term saturation and sensitivity to term frequency. Example 40 discusses k1 in the context of ranked retrieval homework.
d041,BM25 ranking function uses term frequency and document length normalization. Example 41 discusses bm25 in the context of ranked retrieval homework.
d042,"Evaluation metrics like precision, recall, MAP, and nDCG measure ranking quality. Example 42 discusses evaluation in the context of ranked retrieval homework."
d043,Tokenization lowercases text and splits into terms; stemming can help match variants. Example 43 discusses tokenization in the context of ranked retrieval homework.
d044,Information retrieval systems index documents and retrieve ranked results for queries. Example 44 discusses ir in the context of ranked retrieval homework.
d045,"Python notebooks can load CSV files, compute scores, and export outputs. Example 45 discusses python in the context of ranked retrieval homework."
d046,"Relevance judgments are stored in qrels with labels 0, 1, and 2. Example 46 discusses qrels in the context of ranked retrieval homework."
d047,Precision recall curves show the tradeoff between early precision and full recall. Example 47 discusses prcurve in the context of ranked retrieval homework.
d048,"Stopword removal sometimes helps, but can also remove useful terms. Example 48 discusses stopwords in the context of ranked retrieval homework."
d049,Long documents can be penalized or normalized depending on the BM25 b parameter. Example 49 discusses length in the context of ranked retrieval homework.
d050,BM25 k1 controls term saturation and sensitivity to term frequency. Example 50 discusses k1 in the context of ranked retrieval homework.
